reporter_name,reporter_code,partner_name,partner_code,FREQ,date,value,year
United States,US,Nepal,NP,A,2020-01-01,93570016,2020
United States,US,Nepal,NP,A,2021-01-01,196663954,2021
United States,US,Nepal,NP,A,2022-01-01,258266642,2022
United States,US,Austria,AT,A,2020-01-01,3431921691,2020
United States,US,Austria,AT,A,2021-01-01,3935280090,2021
United States,US,Austria,AT,A,2022-01-01,4762750185,2022
United States,US,Israel,IL,A,2020-01-01,10188739391,2020
United States,US,Israel,IL,A,2021-01-01,12861941181,2021
United States,US,Israel,IL,A,2022-01-01,14233027401,2022
United States,US,Ireland,IE,A,2020-01-01,9557972789,2020
United States,US,Ireland,IE,A,2021-01-01,13784559796,2021
United States,US,Ireland,IE,A,2022-01-01,15968584991,2022
United States,US,Sweden,SE,A,2020-01-01,4689950861,2020
United States,US,Sweden,SE,A,2021-01-01,5262677288,2021
United States,US,Sweden,SE,A,2022-01-01,7667541580,2022
United States,US,Bhutan,BT,A,2020-01-01,2857352,2020
United States,US,Bhutan,BT,A,2021-01-01,5921086,2021
United States,US,Bhutan,BT,A,2022-01-01,4894547,2022
United States,US,"Palestine, State of",PS,A,2020-01-01,2106837,2020
United States,US,"Palestine, State of",PS,A,2021-01-01,2265048,2021
United States,US,"Palestine, State of",PS,A,2022-01-01,14006996,2022
United States,US,Tajikistan,TJ,A,2020-01-01,7564521,2020
United States,US,Tajikistan,TJ,A,2021-01-01,15196661,2021
United States,US,Tajikistan,TJ,A,2022-01-01,123627597,2022
United States,US,Angola,AO,A,2020-01-01,470520734,2020
United States,US,Angola,AO,A,2021-01-01,445469040,2021
United States,US,Angola,AO,A,2022-01-01,651454968,2022
United States,US,Lao People`s Democratic Republic,LA,A,2020-01-01,24760963,2020
United States,US,Lao People`s Democratic Republic,LA,A,2021-01-01,33494011.999999996,2021
United States,US,Lao People`s Democratic Republic,LA,A,2022-01-01,40269452,2022
United States,US,Western Hemisphere not allocated,A109,A,2020-01-01,1302474872,2020
United States,US,Western Hemisphere not allocated,A109,A,2021-01-01,1819346019,2021
United States,US,Western Hemisphere not allocated,A109,A,2022-01-01,2543560353,2022
United States,US,Serbia,RS,A,2020-01-01,141752108,2020
United States,US,Serbia,RS,A,2021-01-01,181257600,2021
United States,US,Serbia,RS,A,2022-01-01,247573318,2022
United States,US,Sri Lanka,LK,A,2020-01-01,354152065,2020
United States,US,Sri Lanka,LK,A,2021-01-01,389167478,2021
United States,US,Sri Lanka,LK,A,2022-01-01,337119653,2022
United States,US,Mozambique,MZ,A,2020-01-01,129010939.00000001,2020
United States,US,Mozambique,MZ,A,2021-01-01,191244645,2021
United States,US,Mozambique,MZ,A,2022-01-01,230069986,2022
United States,US,"Hong Kong, China",HK,A,2020-01-01,23986487694,2020
United States,US,"Hong Kong, China",HK,A,2021-01-01,29894021653,2021
United States,US,"Hong Kong, China",HK,A,2022-01-01,25853086422,2022
United States,US,Chile,CL,A,2020-01-01,12766645625,2020
United States,US,Chile,CL,A,2021-01-01,17338199058,2021
United States,US,Chile,CL,A,2022-01-01,23328889251,2022
United States,US,El Salvador,SV,A,2020-01-01,2634543812,2020
United States,US,El Salvador,SV,A,2021-01-01,4115606450.9999995,2021
United States,US,El Salvador,SV,A,2022-01-01,5020344892,2022
United States,US,"Middle East, North Africa, Afghanistan, and Pakistan",1C_440,A,2020-01-01,49288358968,2020
United States,US,"Middle East, North Africa, Afghanistan, and Pakistan",1C_440,A,2021-01-01,53696134200,2021
United States,US,"Middle East, North Africa, Afghanistan, and Pakistan",1C_440,A,2022-01-01,61487089568,2022
United States,US,Afghanistan,AF,A,2020-01-01,670888208,2020
United States,US,Afghanistan,AF,A,2021-01-01,235672751,2021
United States,US,Afghanistan,AF,A,2022-01-01,21746805,2022
United States,US,Emerging and Developing Countries,XR43,A,2020-01-01,637671140002,2020
United States,US,Emerging and Developing Countries,XR43,A,2021-01-01,809523403343,2021
United States,US,Emerging and Developing Countries,XR43,A,2022-01-01,938910956235,2022
United States,US,Jordan,JO,A,2020-01-01,1325367197,2020
United States,US,Jordan,JO,A,2021-01-01,1203190490,2021
United States,US,Jordan,JO,A,2022-01-01,1539823074,2022
United States,US,Macao,MO,A,2020-01-01,183004729,2020
United States,US,Macao,MO,A,2021-01-01,219557393,2021
United States,US,Macao,MO,A,2022-01-01,250447150,2022
United States,US,Bahamas,BS,A,2020-01-01,2868351284,2020
United States,US,Bahamas,BS,A,2021-01-01,2898952913,2021
United States,US,Bahamas,BS,A,2022-01-01,5589837011,2022
United States,US,Trinidad and Tobago,TT,A,2020-01-01,2370080802,2020
United States,US,Trinidad and Tobago,TT,A,2021-01-01,2675686470,2021
United States,US,Trinidad and Tobago,TT,A,2022-01-01,3585675840,2022
United States,US,Gabon,GA,A,2020-01-01,91495636,2020
United States,US,Gabon,GA,A,2021-01-01,129287830.00000001,2021
United States,US,Gabon,GA,A,2022-01-01,133508143.99999999,2022
United States,US,Ghana,GH,A,2020-01-01,831948799,2020
United States,US,Ghana,GH,A,2021-01-01,957437488,2021
United States,US,Ghana,GH,A,2022-01-01,974496999,2022
United States,US,Zambia,ZM,A,2020-01-01,71820752,2020
United States,US,Zambia,ZM,A,2021-01-01,94125998,2021
United States,US,Zambia,ZM,A,2022-01-01,135314870,2022
United States,US,United Arab Emirates,AE,A,2020-01-01,14758659096,2020
United States,US,United Arab Emirates,AE,A,2021-01-01,17064138390,2021
United States,US,United Arab Emirates,AE,A,2022-01-01,20853547904,2022
United States,US,Malaysia,MY,A,2020-01-01,12498483739,2020
United States,US,Malaysia,MY,A,2021-01-01,15174239228,2021
United States,US,Malaysia,MY,A,2022-01-01,18107202137,2022
United States,US,Lithuania,LT,A,2020-01-01,1018752029,2020
United States,US,Lithuania,LT,A,2021-01-01,1237284450,2021
United States,US,Lithuania,LT,A,2022-01-01,2492643626,2022
United States,US,Nicaragua,NI,A,2020-01-01,1429602196,2020
United States,US,Nicaragua,NI,A,2021-01-01,2152942124,2021
United States,US,Nicaragua,NI,A,2022-01-01,2576787873,2022
United States,US,Malta,MT,A,2020-01-01,157277277,2020
United States,US,Malta,MT,A,2021-01-01,130091702,2021
United States,US,Malta,MT,A,2022-01-01,267354642,2022
United States,US,Guinea,GN,A,2020-01-01,135647935,2020
United States,US,Guinea,GN,A,2021-01-01,151620459,2021
United States,US,Guinea,GN,A,2022-01-01,120304651,2022
United States,US,Morocco,MA,A,2020-01-01,2298586976,2020
United States,US,Morocco,MA,A,2021-01-01,2794499266,2021
United States,US,Morocco,MA,A,2022-01-01,3512381106,2022
United States,US,Suriname,SR,A,2020-01-01,267424979,2020
United States,US,Suriname,SR,A,2021-01-01,300762383,2021
United States,US,Suriname,SR,A,2022-01-01,535308610.00000006,2022
United States,US,Belgium,BE,A,2020-01-01,27621416205,2020
United States,US,Belgium,BE,A,2021-01-01,33720950680,2021
United States,US,Belgium,BE,A,2022-01-01,35527708352,2022
United States,US,Saint Kitts and Nevis,KN,A,2020-01-01,136067104,2020
United States,US,Saint Kitts and Nevis,KN,A,2021-01-01,144079386,2021
United States,US,Saint Kitts and Nevis,KN,A,2022-01-01,171922209,2022
United States,US,Botswana,BW,A,2020-01-01,48679397,2020
United States,US,Botswana,BW,A,2021-01-01,52881876,2021
United States,US,Botswana,BW,A,2022-01-01,45488048,2022
United States,US,Belize,BZ,A,2020-01-01,394206911,2020
United States,US,Belize,BZ,A,2021-01-01,412199545,2021
United States,US,Belize,BZ,A,2022-01-01,554270522,2022
United States,US,Cote d`Ivoire,CI,A,2020-01-01,208067269,2020
United States,US,Cote d`Ivoire,CI,A,2021-01-01,359403619,2021
United States,US,Cote d`Ivoire,CI,A,2022-01-01,504799899,2022
United States,US,Namibia,NA,A,2020-01-01,60146056,2020
United States,US,Namibia,NA,A,2021-01-01,93051228,2021
United States,US,Namibia,NA,A,2022-01-01,217923028,2022
United States,US,Indonesia,ID,A,2020-01-01,7425046921,2020
United States,US,Indonesia,ID,A,2021-01-01,9389882085,2021
United States,US,Indonesia,ID,A,2022-01-01,9986092498,2022
United States,US,Costa Rica,CR,A,2020-01-01,5733256527,2020
United States,US,Costa Rica,CR,A,2021-01-01,7344936902,2021
United States,US,Costa Rica,CR,A,2022-01-01,8525372197.999999,2022
United States,US,Armenia,AM,A,2020-01-01,28003236,2020
United States,US,Armenia,AM,A,2021-01-01,44552095,2021
United States,US,Armenia,AM,A,2022-01-01,192935383,2022
United States,US,Gibraltar,GI,A,2020-01-01,1069431235,2020
United States,US,Gibraltar,GI,A,2021-01-01,775234861,2021
United States,US,Gibraltar,GI,A,2022-01-01,189836229,2022
United States,US,Africa not allocated,F19,A,2020-01-01,11680375,2020
United States,US,Africa not allocated,F19,A,2021-01-01,13264733,2021
United States,US,Africa not allocated,F19,A,2022-01-01,9718216,2022
United States,US,"Venezuela, Bolivarian Republic",VE,A,2020-01-01,1131386994,2020
United States,US,"Venezuela, Bolivarian Republic",VE,A,2021-01-01,1613745729,2021
United States,US,"Venezuela, Bolivarian Republic",VE,A,2022-01-01,2266447226,2022
United States,US,Europe not allocated,E19,A,2020-01-01,3728581,2020
United States,US,Europe not allocated,E19,A,2021-01-01,4690223,2021
United States,US,Europe not allocated,E19,A,2022-01-01,3511455,2022
United States,US,Netherlands,NL,A,2020-01-01,45520530874,2020
United States,US,Netherlands,NL,A,2021-01-01,53080077938,2021
United States,US,Netherlands,NL,A,2022-01-01,72889513072,2022
United States,US,Tuvalu,TV,A,2020-01-01,1681998,2020
United States,US,Tuvalu,TV,A,2021-01-01,486042,2021
United States,US,Tuvalu,TV,A,2022-01-01,911074,2022
United States,US,Colombia,CO,A,2020-01-01,12063010195,2020
United States,US,Colombia,CO,A,2021-01-01,16686501534,2021
United States,US,Colombia,CO,A,2022-01-01,20573031967,2022
United States,US,Asia not allocated,S19,A,2020-01-01,26420990,2020
United States,US,Asia not allocated,S19,A,2021-01-01,20578422,2021
United States,US,Asia not allocated,S19,A,2022-01-01,18199184,2022
United States,US,Benin,BJ,A,2020-01-01,197553554,2020
United States,US,Benin,BJ,A,2021-01-01,292301589,2021
United States,US,Benin,BJ,A,2022-01-01,287813769,2022
United States,US,Burkina Faso,BF,A,2020-01-01,72270407,2020
United States,US,Burkina Faso,BF,A,2021-01-01,96610281,2021
United States,US,Burkina Faso,BF,A,2022-01-01,66663314,2022
United States,US,Sao Tome and Principe,ST,A,2020-01-01,733002,2020
United States,US,Sao Tome and Principe,ST,A,2021-01-01,3258206,2021
United States,US,Sao Tome and Principe,ST,A,2022-01-01,4248118,2022
United States,US,Montenegro,ME,A,2020-01-01,36635020,2020
United States,US,Montenegro,ME,A,2021-01-01,11911750,2021
United States,US,Montenegro,ME,A,2022-01-01,40302101,2022
United States,US,Japan,JP,A,2020-01-01,64097721756,2020
United States,US,Japan,JP,A,2021-01-01,74564691664,2021
United States,US,Japan,JP,A,2022-01-01,80317145641,2022
United States,US,Community of Independent States (CIS),R14,A,2020-01-01,8275487573,2020
United States,US,Community of Independent States (CIS),R14,A,2021-01-01,11338152818,2021
United States,US,Community of Independent States (CIS),R14,A,2022-01-01,6439306406,2022
United States,US,India,IN,A,2020-01-01,27394588267,2020
United States,US,India,IN,A,2021-01-01,40052173293,2021
United States,US,India,IN,A,2022-01-01,47332209685,2022
United States,US,Türkiye,TR,A,2020-01-01,10007520758,2020
United States,US,Türkiye,TR,A,2021-01-01,11905337230,2021
United States,US,Türkiye,TR,A,2022-01-01,14993008942,2022
United States,US,"Moldova, Republic of",MD,A,2020-01-01,49984344,2020
United States,US,"Moldova, Republic of",MD,A,2021-01-01,37968635,2021
United States,US,"Moldova, Republic of",MD,A,2022-01-01,38672160,2022
United States,US,New Caledonia,NC,A,2020-01-01,61053382,2020
United States,US,New Caledonia,NC,A,2021-01-01,72528205,2021
United States,US,New Caledonia,NC,A,2022-01-01,77102656,2022
United States,US,Myanmar,MM,A,2020-01-01,338438915,2020
United States,US,Myanmar,MM,A,2021-01-01,213350479,2021
United States,US,Myanmar,MM,A,2022-01-01,130588966,2022
United States,US,Cameroon,CM,A,2020-01-01,194365394,2020
United States,US,Cameroon,CM,A,2021-01-01,148754966,2021
United States,US,Cameroon,CM,A,2022-01-01,202075148,2022
United States,US,Palau,PW,A,2020-01-01,21107173,2020
United States,US,Palau,PW,A,2021-01-01,26597005,2021
United States,US,Palau,PW,A,2022-01-01,24475505,2022
United States,US,Ethiopia,ET,A,2020-01-01,907315212,2020
United States,US,Ethiopia,ET,A,2021-01-01,575131931,2021
United States,US,Ethiopia,ET,A,2022-01-01,1094370545,2022
United States,US,Germany,DE,A,2020-01-01,57795070793,2020
United States,US,Germany,DE,A,2021-01-01,65332518054,2021
United States,US,Germany,DE,A,2022-01-01,72922330146,2022
United States,US,Syrian Arab Republic,SY,A,2020-01-01,2134124,2020
United States,US,Syrian Arab Republic,SY,A,2021-01-01,1177311,2021
United States,US,Syrian Arab Republic,SY,A,2022-01-01,8839448,2022
United States,US,Singapore,SG,A,2020-01-01,27086358531,2020
United States,US,Singapore,SG,A,2021-01-01,35285465572,2021
United States,US,Singapore,SG,A,2022-01-01,46186529257,2022
United States,US,Grenada,GD,A,2020-01-01,101403616,2020
United States,US,Grenada,GD,A,2021-01-01,124557067,2021
United States,US,Grenada,GD,A,2022-01-01,176506286,2022
United States,US,Liberia,LR,A,2020-01-01,93152923,2020
United States,US,Liberia,LR,A,2021-01-01,139597767,2021
United States,US,Liberia,LR,A,2022-01-01,261455198,2022
United States,US,Equatorial Guinea,GQ,A,2020-01-01,96894475,2020
United States,US,Equatorial Guinea,GQ,A,2021-01-01,51485404,2021
United States,US,Equatorial Guinea,GQ,A,2022-01-01,70112522,2022
United States,US,Export earnings: nonfuel,1C_092,A,2020-01-01,584789191153,2020
United States,US,Export earnings: nonfuel,1C_092,A,2021-01-01,749651603927,2021
United States,US,Export earnings: nonfuel,1C_092,A,2022-01-01,872687330397,2022
United States,US,Niger,NE,A,2020-01-01,143872197,2020
United States,US,Niger,NE,A,2021-01-01,137431265,2021
United States,US,Niger,NE,A,2022-01-01,95929650,2022
United States,US,Guatemala,GT,A,2020-01-01,5857927166,2020
United States,US,Guatemala,GT,A,2021-01-01,8070172153,2021
United States,US,Guatemala,GT,A,2022-01-01,10236696154,2022
United States,US,Thailand,TH,A,2020-01-01,11169633178,2020
United States,US,Thailand,TH,A,2021-01-01,12652444705,2021
United States,US,Thailand,TH,A,2022-01-01,15592629939,2022
United States,US,Cabo Verde,CV,A,2020-01-01,6670246,2020
United States,US,Cabo Verde,CV,A,2021-01-01,12594041,2021
United States,US,Cabo Verde,CV,A,2022-01-01,15648736,2022
United States,US,Uganda,UG,A,2020-01-01,94995134,2020
United States,US,Uganda,UG,A,2021-01-01,167431543,2021
United States,US,Uganda,UG,A,2022-01-01,166296089,2022
United States,US,Comoros,KM,A,2020-01-01,1410572,2020
United States,US,Comoros,KM,A,2021-01-01,1804259,2021
United States,US,Comoros,KM,A,2022-01-01,2238921,2022
United States,US,Other Countries n.i.e. (IMF),X88,A,2020-01-01,176796529,2020
United States,US,Other Countries n.i.e. (IMF),X88,A,2021-01-01,326992212,2021
United States,US,Other Countries n.i.e. (IMF),X88,A,2022-01-01,371718665,2022
United States,US,Cyprus,CY,A,2020-01-01,103131999,2020
United States,US,Cyprus,CY,A,2021-01-01,246839676,2021
United States,US,Cyprus,CY,A,2022-01-01,123112271,2022
United States,US,Samoa,WS,A,2020-01-01,26307389,2020
United States,US,Samoa,WS,A,2021-01-01,33404314,2021
United States,US,Samoa,WS,A,2022-01-01,36039688,2022
United States,US,Sierra Leone,SL,A,2020-01-01,73828322,2020
United States,US,Sierra Leone,SL,A,2021-01-01,114664717,2021
United States,US,Sierra Leone,SL,A,2022-01-01,106567685,2022
United States,US,"Taiwan, Province of China",TW,A,2020-01-01,30496319559,2020
United States,US,"Taiwan, Province of China",TW,A,2021-01-01,36837942532,2021
United States,US,"Taiwan, Province of China",TW,A,2022-01-01,43712824283,2022
United States,US,Australia,AU,A,2020-01-01,23488996803,2020
United States,US,Australia,AU,A,2021-01-01,26453923703,2021
United States,US,Australia,AU,A,2022-01-01,30209790295,2022
United States,US,Developing Asia (IMF),XS25,A,2020-01-01,204736869056,2020
United States,US,Developing Asia (IMF),XS25,A,2021-01-01,253742488459,2021
United States,US,Developing Asia (IMF),XS25,A,2022-01-01,270825754955,2022
United States,US,Falkland Islands (Malvinas),FK,A,2020-01-01,305611,2020
United States,US,Falkland Islands (Malvinas),FK,A,2021-01-01,335770,2021
United States,US,Falkland Islands (Malvinas),FK,A,2022-01-01,164093,2022
United States,US,Congo,CG,A,2020-01-01,102455696,2020
United States,US,Congo,CG,A,2021-01-01,113601735,2021
United States,US,Congo,CG,A,2022-01-01,179927267,2022
United States,US,Somalia,SO,A,2020-01-01,58945823,2020
United States,US,Somalia,SO,A,2021-01-01,54112230,2021
United States,US,Somalia,SO,A,2022-01-01,88102006,2022
United States,US,Rwanda,RW,A,2020-01-01,27402397,2020
United States,US,Rwanda,RW,A,2021-01-01,49879233,2021
United States,US,Rwanda,RW,A,2022-01-01,65029362.00000001,2022
United States,US,Greece,GR,A,2020-01-01,1385303024,2020
United States,US,Greece,GR,A,2021-01-01,1556213459,2021
United States,US,Greece,GR,A,2022-01-01,2170166951,2022
United States,US,EU (Member States and Institutions of the European Union) changing composition,B0,A,2020-01-01,232975714483,2020
United States,US,EU (Member States and Institutions of the European Union) changing composition,B0,A,2021-01-01,272405488129,2021
United States,US,EU (Member States and Institutions of the European Union) changing composition,B0,A,2022-01-01,350445382429,2022
United States,US,Bahrain,BH,A,2020-01-01,885305188,2020
United States,US,Bahrain,BH,A,2021-01-01,934108115,2021
United States,US,Bahrain,BH,A,2022-01-01,952430808,2022
United States,US,Haiti,HT,A,2020-01-01,1403406319,2020
United States,US,Haiti,HT,A,2021-01-01,1322432804,2021
United States,US,Haiti,HT,A,2022-01-01,1431862809,2022
United States,US,Turkmenistan,TM,A,2020-01-01,32907927,2020
United States,US,Turkmenistan,TM,A,2021-01-01,78877792,2021
United States,US,Turkmenistan,TM,A,2022-01-01,49123121,2022
United States,US,Africa,F1,A,2020-01-01,17018734793,2020
United States,US,Africa,F1,A,2021-01-01,20503819469,2021
United States,US,Africa,F1,A,2022-01-01,23786048856,2022
United States,US,Djibouti,DJ,A,2020-01-01,195164668,2020
United States,US,Djibouti,DJ,A,2021-01-01,186608617,2021
United States,US,Djibouti,DJ,A,2022-01-01,180231016,2022
United States,US,Cuba,CU,A,2020-01-01,176796529,2020
United States,US,Cuba,CU,A,2021-01-01,326992212,2021
United States,US,Cuba,CU,A,2022-01-01,371718665,2022
United States,US,Timor-Leste,TL,A,2022-01-01,21381133,2022
United States,US,Canada,CA,A,2020-01-01,255327506658,2020
United States,US,Canada,CA,A,2021-01-01,307758092679,2021
United States,US,Canada,CA,A,2022-01-01,356112629910,2022
United States,US,Gambia,GM,A,2020-01-01,41677754,2020
United States,US,Gambia,GM,A,2021-01-01,53612470,2021
United States,US,Gambia,GM,A,2022-01-01,68310501,2022
United States,US,Mauritania,MR,A,2020-01-01,127974110,2020
United States,US,Mauritania,MR,A,2021-01-01,131585187.99999999,2021
United States,US,Mauritania,MR,A,2022-01-01,154561541,2022
United States,US,Lesotho,LS,A,2020-01-01,2192068,2020
United States,US,Lesotho,LS,A,2021-01-01,3244914,2021
United States,US,Lesotho,LS,A,2022-01-01,10619346,2022
United States,US,French Polynesia,PF,A,2020-01-01,110541078,2020
United States,US,French Polynesia,PF,A,2021-01-01,129011717,2021
United States,US,French Polynesia,PF,A,2022-01-01,147836388,2022
United States,US,Brazil,BR,A,2020-01-01,35046884792,2020
United States,US,Brazil,BR,A,2021-01-01,46934960332,2021
United States,US,Brazil,BR,A,2022-01-01,53577707161,2022
United States,US,Kiribati,KI,A,2020-01-01,1714888,2020
United States,US,Kiribati,KI,A,2021-01-01,1938565,2021
United States,US,Kiribati,KI,A,2022-01-01,10153112,2022
United States,US,Jamaica,JM,A,2020-01-01,1696605553,2020
United States,US,Jamaica,JM,A,2021-01-01,1975385529,2021
United States,US,Jamaica,JM,A,2022-01-01,2643838537,2022
United States,US,Estonia,EE,A,2020-01-01,345076210,2020
United States,US,Estonia,EE,A,2021-01-01,449789651,2021
United States,US,Estonia,EE,A,2022-01-01,404467142,2022
United States,US,Nigeria,NG,A,2020-01-01,2788420063,2020
United States,US,Nigeria,NG,A,2021-01-01,3887036834,2021
United States,US,Nigeria,NG,A,2022-01-01,3375438411,2022
United States,US,Qatar,QA,A,2020-01-01,3415538816,2020
United States,US,Qatar,QA,A,2021-01-01,2580750178,2021
United States,US,Qatar,QA,A,2022-01-01,3647015966,2022
United States,US,Bosnia and Herzegovina,BA,A,2020-01-01,21570950,2020
United States,US,Bosnia and Herzegovina,BA,A,2021-01-01,51689290,2021
United States,US,Bosnia and Herzegovina,BA,A,2022-01-01,29434052,2022
United States,US,Malawi,MW,A,2020-01-01,13214745,2020
United States,US,Malawi,MW,A,2021-01-01,23321463,2021
United States,US,Malawi,MW,A,2022-01-01,36483281,2022
United States,US,Faroe Islands,FO,A,2020-01-01,2792623,2020
United States,US,Faroe Islands,FO,A,2021-01-01,3038265,2021
United States,US,Faroe Islands,FO,A,2022-01-01,1552883,2022
United States,US,Spain,ES,A,2020-01-01,12870077538,2020
United States,US,Spain,ES,A,2021-01-01,16332145229,2021
United States,US,Spain,ES,A,2022-01-01,26479750822,2022
United States,US,Hungary,HU,A,2020-01-01,2115867318,2020
United States,US,Hungary,HU,A,2021-01-01,2908266137,2021
United States,US,Hungary,HU,A,2022-01-01,2871410666,2022
United States,US,Portugal,PT,A,2020-01-01,1650382336,2020
United States,US,Portugal,PT,A,2021-01-01,2369248411,2021
United States,US,Portugal,PT,A,2022-01-01,2783056744,2022
United States,US,China,CN,A,2020-01-01,124648519373,2020
United States,US,China,CN,A,2021-01-01,151442173179,2021
United States,US,China,CN,A,2022-01-01,153837091085,2022
United States,US,Yemen,YE,A,2020-01-01,331127668,2020
United States,US,Yemen,YE,A,2021-01-01,271366966,2021
United States,US,Yemen,YE,A,2022-01-01,381998173,2022
United States,US,Denmark,DK,A,2020-01-01,3057924643,2020
United States,US,Denmark,DK,A,2021-01-01,3543819857,2021
United States,US,Denmark,DK,A,2022-01-01,4501750314,2022
United States,US,Chad,TD,A,2020-01-01,46145950,2020
United States,US,Chad,TD,A,2021-01-01,41781794,2021
United States,US,Chad,TD,A,2022-01-01,81527306,2022
United States,US,Libya,LY,A,2020-01-01,316451047,2020
United States,US,Libya,LY,A,2021-01-01,295286993,2021
United States,US,Libya,LY,A,2022-01-01,290964136,2022
United States,US,Honduras,HN,A,2020-01-01,4206697277,2020
United States,US,Honduras,HN,A,2021-01-01,6392900571,2021
United States,US,Honduras,HN,A,2022-01-01,8133436000,2022
United States,US,Saudi Arabia,SA,A,2020-01-01,11177130750,2020
United States,US,Saudi Arabia,SA,A,2021-01-01,11132972706,2021
United States,US,Saudi Arabia,SA,A,2022-01-01,11565255085,2022
United States,US,Argentina,AR,A,2020-01-01,5950063997,2020
United States,US,Argentina,AR,A,2021-01-01,7762216163,2021
United States,US,Argentina,AR,A,2022-01-01,12850390086,2022
United States,US,Czech Republic,CZ,A,2020-01-01,2985174366,2020
United States,US,Czech Republic,CZ,A,2021-01-01,3660959984,2021
United States,US,Czech Republic,CZ,A,2022-01-01,3798820768,2022
United States,US,Latvia,LV,A,2020-01-01,306185741,2020
United States,US,Latvia,LV,A,2021-01-01,413237293,2021
United States,US,Latvia,LV,A,2022-01-01,396384744,2022
United States,US,Saint Vincent and the Grenadines,VC,A,2020-01-01,76873712,2020
United States,US,Saint Vincent and the Grenadines,VC,A,2021-01-01,102275760,2021
United States,US,Saint Vincent and the Grenadines,VC,A,2022-01-01,151164990,2022
United States,US,Emerging and Developing Europe,1C_903,A,2020-01-01,26991822158,2020
United States,US,Emerging and Developing Europe,1C_903,A,2021-01-01,33527862252,2021
United States,US,Emerging and Developing Europe,1C_903,A,2022-01-01,36777867521,2022
United States,US,United Kingdom,GB,A,2020-01-01,59009599581,2020
United States,US,United Kingdom,GB,A,2021-01-01,61425143759,2021
United States,US,United Kingdom,GB,A,2022-01-01,77300937906,2022
United States,US,Kyrgyzstan,KG,A,2020-01-01,32480570,2020
United States,US,Kyrgyzstan,KG,A,2021-01-01,34071497,2021
United States,US,Kyrgyzstan,KG,A,2022-01-01,61462906,2022
United States,US,Eswatini,SZ,A,2020-01-01,21406120,2020
United States,US,Eswatini,SZ,A,2021-01-01,36959813,2021
United States,US,Eswatini,SZ,A,2022-01-01,72405171,2022
United States,US,Bulgaria,BG,A,2020-01-01,374901599,2020
United States,US,Bulgaria,BG,A,2021-01-01,339013303,2021
United States,US,Bulgaria,BG,A,2022-01-01,522785434,2022
United States,US,Barbados,BB,A,2020-01-01,516846787.99999994,2020
United States,US,Barbados,BB,A,2021-01-01,753648793,2021
United States,US,Barbados,BB,A,2022-01-01,813600511,2022
United States,US,Fiji,FJ,A,2020-01-01,39801721,2020
United States,US,Fiji,FJ,A,2021-01-01,180490659,2021
United States,US,Fiji,FJ,A,2022-01-01,63853207,2022
United States,US,Pakistan,PK,A,2020-01-01,2926365253,2020
United States,US,Pakistan,PK,A,2021-01-01,3614388676,2021
United States,US,Pakistan,PK,A,2022-01-01,3177449941,2022
United States,US,Belarus,BY,A,2020-01-01,112283785,2020
United States,US,Belarus,BY,A,2021-01-01,218015464,2021
United States,US,Belarus,BY,A,2022-01-01,39340739,2022
United States,US,South Sudan,SS,A,2020-01-01,40244003,2020
United States,US,South Sudan,SS,A,2021-01-01,58916659,2021
United States,US,South Sudan,SS,A,2022-01-01,41158469,2022
United States,US,Advanced Economies (IMF),XR29,A,2020-01-01,793736448628,2020
United States,US,Advanced Economies (IMF),XR29,A,2021-01-01,944449972107,2021
United States,US,Advanced Economies (IMF),XR29,A,2022-01-01,1124773714555,2022
United States,US,Mexico,MX,A,2020-01-01,212671750902,2020
United States,US,Mexico,MX,A,2021-01-01,276491019833,2021
United States,US,Mexico,MX,A,2022-01-01,324377863297,2022
United States,US,Greenland,GL,A,2020-01-01,7017694,2020
United States,US,Greenland,GL,A,2021-01-01,13133816,2021
United States,US,Greenland,GL,A,2022-01-01,7373134,2022
United States,US,Sub-Saharan Africa,F6,A,2020-01-01,13146432852,2020
United States,US,Sub-Saharan Africa,F6,A,2021-01-01,15992726183,2021
United States,US,Sub-Saharan Africa,F6,A,2022-01-01,17992505189,2022
United States,US,Nauru,NR,A,2020-01-01,607028,2020
United States,US,Nauru,NR,A,2021-01-01,1313019,2021
United States,US,Nauru,NR,A,2022-01-01,1021498,2022
United States,US,Ukraine,UA,A,2020-01-01,1840287620,2020
United States,US,Ukraine,UA,A,2021-01-01,2525139896,2021
United States,US,Ukraine,UA,A,2022-01-01,1442367052,2022
United States,US,Oman,OM,A,2020-01-01,1132932302,2020
United States,US,Oman,OM,A,2021-01-01,1397166241,2021
United States,US,Oman,OM,A,2022-01-01,1487327042,2022
United States,US,Dominica,DM,A,2020-01-01,115129555,2020
United States,US,Dominica,DM,A,2021-01-01,373061755,2021
United States,US,Dominica,DM,A,2022-01-01,197216839,2022
United States,US,Finland,FI,A,2020-01-01,1586782756,2020
United States,US,Finland,FI,A,2021-01-01,1727344206,2021
United States,US,Finland,FI,A,2022-01-01,2650793907,2022
United States,US,France,FR,A,2020-01-01,28285410055,2020
United States,US,France,FR,A,2021-01-01,30598606496,2021
United States,US,France,FR,A,2022-01-01,46943573188,2022
United States,US,Algeria,DZ,A,2020-01-01,726286705,2020
United States,US,Algeria,DZ,A,2021-01-01,783925771,2021
United States,US,Algeria,DZ,A,2022-01-01,1200594478,2022
United States,US,Lebanon,LB,A,2020-01-01,623933148,2020
United States,US,Lebanon,LB,A,2021-01-01,664782492,2021
United States,US,Lebanon,LB,A,2022-01-01,765551179,2022
United States,US,Saint Lucia,LC,A,2020-01-01,637456140,2020
United States,US,Saint Lucia,LC,A,2021-01-01,535217537,2021
United States,US,Saint Lucia,LC,A,2022-01-01,991353341,2022
United States,US,"Korea, Republic of",KR,A,2020-01-01,51218022866,2020
United States,US,"Korea, Republic of",KR,A,2021-01-01,65942400880,2021
United States,US,"Korea, Republic of",KR,A,2022-01-01,71470416449,2022
United States,US,Azerbaijan,AZ,A,2020-01-01,162084341,2020
United States,US,Azerbaijan,AZ,A,2021-01-01,131657526.99999999,2021
United States,US,Azerbaijan,AZ,A,2022-01-01,182756619,2022
United States,US,Dominican Republic,DO,A,2020-01-01,7604760178,2020
United States,US,Dominican Republic,DO,A,2021-01-01,10673209057,2021
United States,US,Dominican Republic,DO,A,2022-01-01,13853349255,2022
United States,US,Aruba,AW,A,2020-01-01,309038353,2020
United States,US,Aruba,AW,A,2021-01-01,542879469,2021
United States,US,Aruba,AW,A,2022-01-01,639682473,2022
United States,US,South Africa,ZA,A,2020-01-01,4454774311,2020
United States,US,South Africa,ZA,A,2021-01-01,5479213790,2021
United States,US,South Africa,ZA,A,2022-01-01,6514940332,2022
United States,US,Viet Nam,VN,A,2020-01-01,9989358121,2020
United States,US,Viet Nam,VN,A,2021-01-01,11010738443,2021
United States,US,Viet Nam,VN,A,2022-01-01,11398113401,2022
United States,US,Kenya,KE,A,2020-01-01,370786703,2020
United States,US,Kenya,KE,A,2021-01-01,561643079,2021
United States,US,Kenya,KE,A,2022-01-01,599743497,2022
United States,US,Brunei Darussalam,BN,A,2020-01-01,119022268,2020
United States,US,Brunei Darussalam,BN,A,2021-01-01,100386814,2021
United States,US,Brunei Darussalam,BN,A,2022-01-01,110250641,2022
United States,US,Guinea-Bissau,GW,A,2020-01-01,3670090,2020
United States,US,Guinea-Bissau,GW,A,2021-01-01,3332532,2021
United States,US,Guinea-Bissau,GW,A,2022-01-01,2369357,2022
United States,US,Mongolia,MN,A,2020-01-01,118901562,2020
United States,US,Mongolia,MN,A,2021-01-01,148461110,2021
United States,US,Mongolia,MN,A,2022-01-01,148872537,2022
United States,US,Vanuatu,VU,A,2020-01-01,7014193,2020
United States,US,Vanuatu,VU,A,2021-01-01,4447135,2021
United States,US,Vanuatu,VU,A,2022-01-01,14432101,2022
United States,US,Kazakhstan,KZ,A,2020-01-01,509092582,2020
United States,US,Kazakhstan,KZ,A,2021-01-01,807810165,2021
United States,US,Kazakhstan,KZ,A,2022-01-01,1085029990,2022
United States,US,Albania,AL,A,2020-01-01,56900545,2020
United States,US,Albania,AL,A,2021-01-01,96305576,2021
United States,US,Albania,AL,A,2022-01-01,117843396,2022
United States,US,Eritrea,ER,A,2020-01-01,18679077,2020
United States,US,Eritrea,ER,A,2021-01-01,26735638,2021
United States,US,Eritrea,ER,A,2022-01-01,32751875,2022
United States,US,"North Macedonia, Republic of",MK,A,2020-01-01,43806969,2020
United States,US,"North Macedonia, Republic of",MK,A,2021-01-01,45480757,2021
United States,US,"North Macedonia, Republic of",MK,A,2022-01-01,54839619,2022
United States,US,Antigua and Barbuda,AG,A,2020-01-01,312378062,2020
United States,US,Antigua and Barbuda,AG,A,2021-01-01,570485634,2021
United States,US,Antigua and Barbuda,AG,A,2022-01-01,1027919965.9999999,2022
United States,US,Solomon Islands,SB,A,2020-01-01,4667550,2020
United States,US,Solomon Islands,SB,A,2021-01-01,14738919,2021
United States,US,Solomon Islands,SB,A,2022-01-01,10392262,2022
United States,US,Philippines,PH,A,2020-01-01,7764459606,2020
United States,US,Philippines,PH,A,2021-01-01,9290213681,2021
United States,US,Philippines,PH,A,2022-01-01,9290734430,2022
United States,US,Seychelles,SC,A,2020-01-01,17062461,2020
United States,US,Seychelles,SC,A,2021-01-01,11365090,2021
United States,US,Seychelles,SC,A,2022-01-01,18388395,2022
United States,US,Mali,ML,A,2020-01-01,99265171,2020
United States,US,Mali,ML,A,2021-01-01,98589063,2021
United States,US,Mali,ML,A,2022-01-01,87984879,2022
United States,US,Mauritius,MU,A,2020-01-01,49612969,2020
United States,US,Mauritius,MU,A,2021-01-01,78377331,2021
United States,US,Mauritius,MU,A,2022-01-01,101469520,2022
United States,US,Madagascar,MG,A,2020-01-01,34809236,2020
United States,US,Madagascar,MG,A,2021-01-01,56222773,2021
United States,US,Madagascar,MG,A,2022-01-01,84858289,2022
United States,US,Bangladesh,BD,A,2020-01-01,1844186696,2020
United States,US,Bangladesh,BD,A,2021-01-01,2350514738,2021
United States,US,Bangladesh,BD,A,2022-01-01,2813866728,2022
United States,US,Egypt,EG,A,2020-01-01,4759077431,2020
United States,US,Egypt,EG,A,2021-01-01,5848892795,2021
United States,US,Egypt,EG,A,2022-01-01,6552797077,2022
United States,US,Ecuador,EC,A,2020-01-01,4245204246.0000005,2020
United States,US,Ecuador,EC,A,2021-01-01,5009317197,2021
United States,US,Ecuador,EC,A,2022-01-01,7901986802,2022
United States,US,Poland,PL,A,2020-01-01,4965098079,2020
United States,US,Poland,PL,A,2021-01-01,5843132013,2021
United States,US,Poland,PL,A,2022-01-01,11325404011,2022
United States,US,Kuwait,KW,A,2020-01-01,2240620612,2020
United States,US,Kuwait,KW,A,2021-01-01,3037952488,2021
United States,US,Kuwait,KW,A,2022-01-01,3398285044,2022
United States,US,Paraguay,PY,A,2020-01-01,1274329122,2020
United States,US,Paraguay,PY,A,2021-01-01,2055249942.9999998,2021
United States,US,Paraguay,PY,A,2022-01-01,2114878953.9999998,2022
United States,US,Georgia,GE,A,2020-01-01,436093365,2020
United States,US,Georgia,GE,A,2021-01-01,656548847,2021
United States,US,Georgia,GE,A,2022-01-01,1236236366,2022
United States,US,Tunisia,TN,A,2020-01-01,433877827,2020
United States,US,Tunisia,TN,A,2021-01-01,466137575,2021
United States,US,Tunisia,TN,A,2022-01-01,552091344,2022
United States,US,"Kosovo, Republic of",XK,A,2020-01-01,33247777.999999996,2020
United States,US,"Kosovo, Republic of",XK,A,2021-01-01,31348938,2021
United States,US,"Kosovo, Republic of",XK,A,2022-01-01,25223475,2022
United States,US,Bermuda,BM,A,2020-01-01,465187715,2020
United States,US,Bermuda,BM,A,2021-01-01,551429609,2021
United States,US,Bermuda,BM,A,2022-01-01,594435760,2022
United States,US,Bolivia,BO,A,2020-01-01,450802313,2020
United States,US,Bolivia,BO,A,2021-01-01,552209899,2021
United States,US,Bolivia,BO,A,2022-01-01,519844609,2022
United States,US,"Tanzania, United Republic of",TZ,A,2020-01-01,245762979,2020
United States,US,"Tanzania, United Republic of",TZ,A,2021-01-01,282567034,2021
United States,US,"Tanzania, United Republic of",TZ,A,2022-01-01,260089023,2022
United States,US,Iraq,IQ,A,2020-01-01,771884318,2020
United States,US,Iraq,IQ,A,2021-01-01,802684221,2021
United States,US,Iraq,IQ,A,2022-01-01,949851908,2022
United States,US,Slovakia,SK,A,2020-01-01,336618644,2020
United States,US,Slovakia,SK,A,2021-01-01,335856820,2021
United States,US,Slovakia,SK,A,2022-01-01,375808075,2022
United States,US,Senegal,SN,A,2020-01-01,280137109,2020
United States,US,Senegal,SN,A,2021-01-01,382001233,2021
United States,US,Senegal,SN,A,2022-01-01,346305970,2022
United States,US,Switzerland,CH,A,2020-01-01,18084609755,2020
United States,US,Switzerland,CH,A,2021-01-01,23683408458,2021
United States,US,Switzerland,CH,A,2022-01-01,36972875879,2022
United States,US,Uruguay,UY,A,2020-01-01,1250006923,2020
United States,US,Uruguay,UY,A,2021-01-01,1798599482,2021
United States,US,Uruguay,UY,A,2022-01-01,2864807455,2022
United States,US,Luxembourg,LU,A,2020-01-01,1353107878,2020
United States,US,Luxembourg,LU,A,2021-01-01,1531481671,2021
United States,US,Luxembourg,LU,A,2022-01-01,1669089623,2022
United States,US,Slovenia,SI,A,2020-01-01,307881598,2020
United States,US,Slovenia,SI,A,2021-01-01,242584746,2021
United States,US,Slovenia,SI,A,2022-01-01,394218602,2022
United States,US,Iceland,IS,A,2020-01-01,292502900,2020
United States,US,Iceland,IS,A,2021-01-01,628868305,2021
United States,US,Iceland,IS,A,2022-01-01,651312440,2022
United States,US,Zimbabwe,ZW,A,2020-01-01,46428940,2020
United States,US,Zimbabwe,ZW,A,2021-01-01,45133799,2021
United States,US,Zimbabwe,ZW,A,2022-01-01,41116661,2022
United States,US,Uzbekistan,UZ,A,2020-01-01,180939681,2020
United States,US,Uzbekistan,UZ,A,2021-01-01,401256276,2021
United States,US,Uzbekistan,UZ,A,2022-01-01,272674484,2022
United States,US,Cambodia,KH,A,2020-01-01,343625564,2020
United States,US,Cambodia,KH,A,2021-01-01,415555294,2021
United States,US,Cambodia,KH,A,2022-01-01,449190823,2022
United States,US,"All Countries, excluding the IO",W00,A,2020-01-01,1431584385159,2020
United States,US,"All Countries, excluding the IO",W00,A,2021-01-01,1754300367662,2021
United States,US,"All Countries, excluding the IO",W00,A,2022-01-01,2064056389455,2022
United States,US,Middle East,F97,A,2020-01-01,41778559563,2020
United States,US,Middle East,F97,A,2021-01-01,45276062828,2021
United States,US,Middle East,F97,A,2022-01-01,52453190686,2022
United States,US,Export earnings: fuel,1C_080,A,2020-01-01,52881948849,2020
United States,US,Export earnings: fuel,1C_080,A,2021-01-01,59871799416,2021
United States,US,Export earnings: fuel,1C_080,A,2022-01-01,66223625838.00001,2022
United States,US,Central African Republic,CF,A,2020-01-01,22329871,2020
United States,US,Central African Republic,CF,A,2021-01-01,17370704,2021
United States,US,Central African Republic,CF,A,2022-01-01,25416771,2022
United States,US,Romania,RO,A,2020-01-01,914254360,2020
United States,US,Romania,RO,A,2021-01-01,1411715991,2021
United States,US,Romania,RO,A,2022-01-01,1350113037,2022
United States,US,Tonga,TO,A,2020-01-01,14722076,2020
United States,US,Tonga,TO,A,2021-01-01,18910714,2021
United States,US,Tonga,TO,A,2022-01-01,15705992,2022
United States,US,"Iran, Islamic Republic of",IR,A,2020-01-01,36291029,2020
United States,US,"Iran, Islamic Republic of",IR,A,2021-01-01,39328394,2021
United States,US,"Iran, Islamic Republic of",IR,A,2022-01-01,45496846,2022
United States,US,Guyana,GY,A,2020-01-01,654571520,2020
United States,US,Guyana,GY,A,2021-01-01,1012353108,2021
United States,US,Guyana,GY,A,2022-01-01,1179953869,2022
United States,US,Maldives,MV,A,2020-01-01,24659947,2020
United States,US,Maldives,MV,A,2021-01-01,41278269,2021
United States,US,Maldives,MV,A,2022-01-01,99333147,2022
United States,US,Papua New Guinea,PG,A,2020-01-01,62493526,2020
United States,US,Papua New Guinea,PG,A,2021-01-01,44114691,2021
United States,US,Papua New Guinea,PG,A,2022-01-01,115367201,2022
United States,US,"Congo, the Democratic Republic of the",CD,A,2020-01-01,152906389,2020
United States,US,"Congo, the Democratic Republic of the",CD,A,2021-01-01,213154081,2021
United States,US,"Congo, the Democratic Republic of the",CD,A,2022-01-01,154246797,2022
United States,US,New Zealand,NZ,A,2020-01-01,3196579575,2020
United States,US,New Zealand,NZ,A,2021-01-01,3724037744,2021
United States,US,New Zealand,NZ,A,2022-01-01,4182430673,2022
United States,US,Croatia,HR,A,2020-01-01,317992885,2020
United States,US,Croatia,HR,A,2021-01-01,751258360,2021
United States,US,Croatia,HR,A,2022-01-01,1769568963,2022
United States,US,Russian Federation,RU,A,2020-01-01,4883765601,2020
United States,US,Russian Federation,RU,A,2021-01-01,6387057963,2021
United States,US,Russian Federation,RU,A,2022-01-01,1715079989,2022
United States,US,Sudan,SD,A,2020-01-01,71709835,2020
United States,US,Sudan,SD,A,2021-01-01,153141298,2021
United States,US,Sudan,SD,A,2022-01-01,146740645,2022
United States,US,Peru,PE,A,2020-01-01,7685809754,2020
United States,US,Peru,PE,A,2021-01-01,10323194684,2021
United States,US,Peru,PE,A,2022-01-01,13745701839,2022
United States,US,Norway,NO,A,2020-01-01,2790023035,2020
United States,US,Norway,NO,A,2021-01-01,3956305162,2021
United States,US,Norway,NO,A,2022-01-01,4713227232,2022
United States,US,Togo,TG,A,2020-01-01,319564050,2020
United States,US,Togo,TG,A,2021-01-01,235363882,2021
United States,US,Togo,TG,A,2022-01-01,390350395,2022
United States,US,Western Hemisphere,A10,A,2020-01-01,342118490745,2020
United States,US,Western Hemisphere,A10,A,2021-01-01,450394221389,2021
United States,US,Western Hemisphere,A10,A,2022-01-01,548623892536,2022
United States,US,Italy,IT,A,2020-01-01,19921650935,2020
United States,US,Italy,IT,A,2021-01-01,21660534828,2021
United States,US,Italy,IT,A,2022-01-01,27416680573,2022
United States,US,Panama,PA,A,2020-01-01,5767472923,2020
United States,US,Panama,PA,A,2021-01-01,8133223450,2021
United States,US,Panama,PA,A,2022-01-01,12032280359,2022
United States,US,Europe,E1,A,2020-01-01,26991822158,2020
United States,US,Europe,E1,A,2021-01-01,33527862252,2021
United States,US,Europe,E1,A,2022-01-01,36777867521,2022
United States,US,Burundi,BI,A,2020-01-01,5405370,2020
United States,US,Burundi,BI,A,2021-01-01,4448354,2021
United States,US,Burundi,BI,A,2022-01-01,5075810,2022
United States,US,San Marino,SM,A,2020-01-01,2060613,2020
United States,US,San Marino,SM,A,2021-01-01,61724872,2021
United States,US,San Marino,SM,A,2022-01-01,881535,2022
United States,US,Anguilla,AI,A,2020-01-01,47057006,2020
United States,US,Anguilla,AI,A,2021-01-01,79695113,2021
United States,US,Anguilla,AI,A,2022-01-01,86510831,2022
United States,US,Sint Maarten (Dutch part),SX,A,2020-01-01,335607706,2020
United States,US,Sint Maarten (Dutch part),SX,A,2021-01-01,385513621,2021
United States,US,Sint Maarten (Dutch part),SX,A,2022-01-01,697555246,2022
United States,US,Marshall islands,MH,A,2020-01-01,146526645,2020
United States,US,Marshall islands,MH,A,2021-01-01,237846744,2021
United States,US,Marshall islands,MH,A,2022-01-01,269003532,2022
United States,US,"Micronesia, Federated States of",FM,A,2020-01-01,57944866,2020
United States,US,"Micronesia, Federated States of",FM,A,2021-01-01,49424460,2021
United States,US,"Micronesia, Federated States of",FM,A,2022-01-01,63154111,2022
United States,US,Curacao,CW,A,2020-01-01,319245501,2020
United States,US,Curacao,CW,A,2021-01-01,342318945,2021
United States,US,Curacao,CW,A,2022-01-01,493451596,2022
United States,US,Holy See (Vatican City State),VA,A,2020-01-01,314940,2020
United States,US,Holy See (Vatican City State),VA,A,2021-01-01,344225,2021
United States,US,Holy See (Vatican City State),VA,A,2022-01-01,51764,2022
United States,US,Euro Area (Member States and Institutions of the Euro Area) changing composition,U2,A,2020-01-01,213554550372,2020
United States,US,Euro Area (Member States and Institutions of the Euro Area) changing composition,U2,A,2021-01-01,248684645196,2021
United States,US,Euro Area (Member States and Institutions of the Euro Area) changing composition,U2,A,2022-01-01,316637987656,2022
United States,US,Montserrat,MS,A,2020-01-01,11599000,2020
United States,US,Montserrat,MS,A,2021-01-01,10265781,2021
United States,US,Montserrat,MS,A,2022-01-01,10912332,2022
United States,US,Middle East and Central Asia,XS5,A,2020-01-01,50677525191,2020
United States,US,Middle East and Central Asia,XS5,A,2021-01-01,55866105060,2021
United States,US,Middle East and Central Asia,XS5,A,2022-01-01,64690936034,2022
